id;resv_id;created;updated;deleted;venue_group_client_id;venue_group_id;venue_id;jhi_date;duration;check_numbers;shift_category;shift_persistent_id;max_guests;mfratio_male;mfratio_female;status;status_display;status_simple;access_persistent_id;arrived_guests;isvip;bookedby;client_reference_code;lastname;firstname;email;phone_number;address;address_2;city;postal_code;state;country;loyalty_id;loyalty_rank;loyalty_tier;notes;arrival_time;seated_time;left_time;client_requests;comps;comps_price_type;cost_option;policy;min_price;pre_payment;onsite_payment;total_payment;paid_by;served_by;rating;problems;auto_assignments;external_client_id;external_id;external_reference_code;external_user_id;modify_reservation_link;reference_code;reservation_sms_optin;reservation_type;send_reminder_email;sendreminder_sms;source_client_id;user_id;user_name
1;veneer twin;till;carefully happily how;certainly perish about;humongous form but;invention oddly;well-to-do correctly;try with at;8619;unwelcome dull;mover yieldingly instrumentalist;grass;17084;22426;25512;stark;facelift after;feast calorie helpfully;once;15656;true;somebody kindly quart;energetic postmark yuck;near amidst;wrist however;Eldora_Grant@hotmail.com;although;consequently uselessly gosh;equivocate astride why;Annandale;mask;vastly provided;New Zealand;phooey utilization since;19242;shrilly poor;hence;pummel satiate reassuringly;harsh what yuck;welcome certainly;haggle;16934;apt coaxingly;16593;where;28015;6061.26;16025.49;10957;the;elliptical wisely;29210;brr;whoa widget whenever;bogus;irritably inconsequential limping;before disillusion;mmm striking comport;yahoo aw glance;phooey yowza;true;if;true;false;boo;drat peaceful;sophomore bah oh
2;midst;cloudy rattle like;zing;wrongly gee tractor;serious though;at bold;lest behaviour;if reconstruct;18144;enclave;patiently kimono spotted;next freely onto;7058;18395;13969;sheepishly ick affectionate;including;harmonize;lightly smug;3051;false;abaft gosh clergyman;greedily shoulder transit;incidentally;boysenberry;Callie.Emard6@hotmail.com;trained a;boo wring promptly;bah yowza;Lawsonville;uh-huh convince beside;now bask abaft;Montenegro;gently;16883;swerve abaft;hm scholarly;absent kiddingly puny;bladder epee baseboard;fob inasmuch cement;meanwhile;352;frantically unhitch;20727;with decay;16690;12585.03;18658.61;18920;oof chant inwardly;sad;31872;finally;pro;gah provided scholarly;intrepid unaccountably sleet;scissors;certificate those;hmph potentially;organizing incompatible grave;true;save incidentally phew;false;true;fairly bilk;along carp;senior reinterpret
3;ideate;geez imbue puny;frankly incidentally gigantic;unnaturally suddenly ew;extremely;tragic defiantly archer;even;gadzooks toward;17717;pass huzzah supposing;ew downsize trudge;phooey off following;20950;26998;32666;availability fast ack;admired normal;coast;twilight;279;false;pace;giant main certainly;rid worth;redress cry;Blanche29@gmail.com;over velvet;nervously duck;phooey;Orem;persist;brr cage useful;Zimbabwe;bristle shade um;4929;jubilantly who;bouncy longingly ha;unwind gadzooks although;drat columnist;however thankfully;fine without after;17372;posh;11672;furthermore;27025;25972.34;23055.33;30475;without incidentally;apud joyfully;31938;spectrograph woot doubtfully;elated brandish;ironclad in outset;victorious beloved;yuck yet;righteously;onto than;for physically;true;self-reliant;true;false;querulous yum duh;whoa obnoxiously;roughly
4;lobby finally;provided;ouch slap agree;underwire;out fairly wolf;sift harsh unacceptable;unfolded easily;well ha faithful;8439;phooey;flickering ick;aha meanwhile;11210;755;9515;frenetically;thankful regarding and;finance;quarrelsomely whose but;15406;false;profess yuck;unless yet girdle;cowbell;after officially;Sadye.Ruecker52@hotmail.com;intently wherever;likely lest;carefully exactly;Hansside;down;dad gymnastics;Puerto Rico;down;12647;whereas slaw next;round;kidney hard-hat;safely;instantly;yum once following;20089;pace;5317;starry;28672;18472.97;27486.18;5389;likewise duh;criticise hence;9725;jovial right;mediate;classify bivvy chive;naturally;seldom grapefruit that;antagonise among;blah;too disincentivise giggle;false;bat bring uh-huh;true;false;construction;escalator;gee gah
5;overpay need;of boiling;nervous corn;oatmeal hopeful what;gosh common;webbed sectional scratchy;ethnicity hastily;leverage failing pfft;31126;where;secretariat whoa;centralise outstay;10309;10639;18209;merrily potentially ouch;youthfully veteran;vitro;wetly uh-huh toward;13746;true;campus;utterly;whenever;close save denominate;Tressa51@hotmail.com;anenst;supposing rightfully round;given huzzah;Ursulaburgh;qua;jealously;Reunion;when policeman single;4726;above yearningly;unnaturally;male an;toward broadly inasmuch;doting about;bathhouse;3398;trembling;9856;equally pervert quietly;13681;780.82;850.89;8326;yahoo until;excluding drat cobbler;22713;who brr;masculine switch far;garden aw which;another;parallelogram involve;scarily inasmuch and;inquisitively canteen bah;sod thoughtfully labor;true;wet-bar and;true;false;verbally periodic;pish substantial;coil
6;out;dine when;minor haggle;earnest;generously under gosh;bah so;or;past likable;13194;letterbox neutralize;ouch wildly oddly;prime that;6226;10114;20106;once;burble overdue;furiously obvious;euphoric;27289;false;unimpressively as system;gah next times;spanish;busily;Pink.Bruen9@yahoo.com;contingency a ugh;for critic pander;contrast bawl happy;Raynorboro;alongside till old;the;Poland;where;21192;pitch;ah;via imperturbable drat;showy;considering;satellite;21518;untried;27668;eek adorn fooey;3626;22849.99;15054.75;29773;apud;lettuce behind;20150;finally;tattered;incarnate smoothly;oh around;bite-sized;underneath continue outside;huzzah silver abet;puzzled incidentally;true;evenly once strawman;false;false;klutzy;zowie meanwhile;near
7;masculinize shyly;ephemeris aside;likely brr harmful;between;measly oval than;aside what count;yum;false why glum;1160;wire via;attentive patiently;wicked cannon glum;445;16101;366;meter spicy linger;next monthly;shine;why burrow;21756;false;uh-huh ratepayer apology;limply ha yum;hence;because whereas;Mina41@gmail.com;arrival handover keenly;after till press;urban;North Garnet;deeply inverse;sadly vice;Sint Maarten;bah;21746;beyond triangular sensitise;even phew;deal;dally;meh venerate gracefully;duh;2775;good-natured pro;16344;morph;24926;27336.88;636.14;26683;towards tote;usefully considering midst;9478;intentional;than scold dimly;organise councilman stupidity;why ew discrete;gleefully through;onto;kissingly;healthily ping;false;why barring;false;true;if after;remarkable scorch yahoo;well
8;submissive where;though hm whoa;than permafrost but;inasmuch noisily;unlike caddy sympathetically;overconfidently memo;quality jasmine;grieve;21865;qua;cruelly;pseudoscience;12907;27399;28303;utter skunk how;mill;eek;athwart yowza about;20885;false;microchip because yuck;blazer;near helpfully;readily ready;Frederick_Trantow25@gmail.com;oven repeatedly yuck;ew riposte;geez elated;Clearwater;optimistically;entreat;Paraguay;furiously ew;205;knowingly gosh provided;soft yesterday finalize;joyfully;cloister hence;after;many sometimes blissfully;32404;endorsement um;22617;jail once;7373;11534.07;21188.33;14314;since;anaesthetize necessary;3540;mockingly week;but;arrogantly likewise surpass;curiously splay unabashedly;conscience;reconquer;beside thankfully;whose;true;yahoo;false;true;cleverly wholly incidentally;vivaciously theme;the nearest pelican
9;eyebrows;uh-huh past;yahoo;brand apropos;liberty save;erode optimal great;a yowza oof;orchestra sleeping dinner;6800;nutrient bah crop;nor;key yearningly;3834;20664;15476;whose underwrite dig;hmph;ripple;selfishly opposite bah;6478;true;restfully smooth plod;blah afore;ew afraid knottily;waddle nocturnal;Maryse.Schimmel-Corwin@gmail.com;broken even fearless;wisely;above gullible;Huelschester;inwardly;delectable traumatize;Thailand;energetically;7556;oregano;semantics;lie amalgamate;shape wonderfully carelessly;next absent;broken;3805;faint showy;8330;how;29909;28638.99;19814.8;5187;except considering;misconstrue jubilantly round;3040;carload amidst;which good-natured favorite;so bulky save;appropriate;powerfully;plastic merrily upon;until carbon as;play consequently if;false;inasmuch burdensome finally;false;true;verbally sardonic;where cloud even;gloss
10;bowling inside before;meanwhile studious stomp;musty malign without;given gaseous;wait astride;consequently gah;scrounge hence astride;common;9254;submerge;absent ah controvert;of even;22997;3243;869;ack;responsible brr;like;shocked venture recreation;5683;true;loft jumpy;crusade;dry how shiny;lest diligently enshroud;Domingo.Osinski31@hotmail.com;happily loftily;consequently;ugh assistance;Inglewood;ribbon even yippee;whether astride;Djibouti;intently franchise mean;2050;aha hourly all;whoa willfully;sneaky duh whoever;geez;unless price continually;whereas far adventurously;18184;whereas;29571;damp starchy coaxingly;3665;5802.29;15954.46;3387;save hovercraft geez;inscribe vacantly hydrocarb;11820;settler around wherever;worth;mime when hmph;take-out clerk because;ha accede modulo;provided ease;clip gosh;refurbish delicious;true;mineshaft;false;true;duh;faint redound modulo;creolize
